{"cameraMode":{"drawMode":0,"name":"Shaded","section":"Shading Mode"},"sceneLighting":false,"audioPlay":false,"sceneViewState":{"m_AlwaysRefresh":false,"showFog":true,"showSkybox":false,"showFlares":true,"showImageEffects":true,"showParticleSystems":true,"showVisualEffectGraphs":true,"m_FxEnabled":true},"in2DMode":false,"pivot":{"x":-0.06256431341171265,"y":-0.0550500750541687,"z":-0.07342607527971268},"rotation":{"x":-0.09436150640249253,"y":-0.0005881368415430188,"z":0.00006979777390370145,"w":-0.9955626726150513},"size":0.5051575303077698,"orthographic":true}