{"cameraMode":{"drawMode":0,"name":"Shaded","section":"Shading Mode"},"sceneLighting":true,"audioPlay":false,"sceneViewState":{"m_AlwaysRefresh":false,"showFog":true,"showSkybox":true,"showFlares":true,"showImageEffects":true,"showParticleSystems":true,"showVisualEffectGraphs":true,"m_FxEnabled":true},"in2DMode":false,"pivot":{"x":11.076373100280762,"y":11.622101783752442,"z":-13.990982055664063},"rotation":{"x":0.17548397183418275,"y":0.004430722910910845,"z":-0.0007884420920163393,"w":0.9844803810119629},"size":12.015398979187012,"orthographic":true}