{"cameraMode":{"drawMode":0,"name":"Shaded","section":"Shading Mode"},"sceneLighting":false,"audioPlay":false,"sceneViewState":{"m_AlwaysRefresh":false,"showFog":true,"showSkybox":false,"showFlares":true,"showImageEffects":true,"showParticleSystems":true,"showVisualEffectGraphs":true,"m_FxEnabled":true},"in2DMode":false,"pivot":{"x":-0.20374155044555665,"y":-0.17318081855773927,"z":-0.03787708282470703},"rotation":{"x":-0.05396803468465805,"y":0.015884608030319215,"z":-0.000853486533742398,"w":-0.9984419941902161},"size":0.7840670347213745,"orthographic":true}