{"cameraMode":{"drawMode":0,"name":"Shaded","section":"Shading Mode"},"sceneLighting":false,"audioPlay":false,"sceneViewState":{"m_AlwaysRefresh":false,"showFog":true,"showSkybox":false,"showFlares":true,"showImageEffects":true,"showParticleSystems":true,"showVisualEffectGraphs":true,"m_FxEnabled":true},"in2DMode":false,"pivot":{"x":-0.7367429733276367,"y":0.4450719952583313,"z":-1.1802046298980713},"rotation":{"x":0.007494733203202486,"y":-0.03599108010530472,"z":0.00027166513609699905,"w":0.9993273615837097},"size":1.611356258392334,"orthographic":true}