{"cameraMode":{"drawMode":0,"name":"Shaded","section":"Shading Mode"},"sceneLighting":false,"audioPlay":false,"sceneViewState":{"m_AlwaysRefresh":false,"showFog":true,"showSkybox":false,"showFlares":true,"showImageEffects":true,"showParticleSystems":true,"showVisualEffectGraphs":true,"m_FxEnabled":true},"in2DMode":false,"pivot":{"x":-0.17132949829101563,"y":-0.3190092444419861,"z":-1.026167631149292},"rotation":{"x":-0.29785048961639407,"y":0.05723192170262337,"z":0.017896467819809915,"w":0.9527371525764465},"size":0.7713394165039063,"orthographic":true}